-- Tabela de Clientes
CREATE TABLE CLIENTES (
    ID_CLIENTE         NUMBER         PRIMARY KEY,
    NOME               VARCHAR2(100)  NOT NULL,
    CIDADE             VARCHAR2(50)   NOT NULL,
    PAIS               VARCHAR2(50)   NOT NULL
);

-- Tabela de Pedidos
CREATE TABLE PEDIDOS (
    ID_PEDIDO          NUMBER         PRIMARY KEY,
    PRIORIDADE_PEDIDO  VARCHAR2(30)   NOT NULL,
    QUANTIDADE_PEDIDO  NUMBER         NOT NULL,
    VALOR_FRENTE       NUMBER(10,2),
    MODO_ENVIO         VARCHAR2(30)
);

-- Tabela de Vendas
CREATE TABLE VENDAS (
    ID_LINHA_PEDIDO          NUMBER          PRIMARY KEY,
    ID_PEDIDO                NUMBER          NOT NULL,
    ID_CLIENTE               NUMBER          NOT NULL,
    CATEGORIA_PRODUTO        VARCHAR2(50)    NOT NULL,
    SUBCATEGORIA_PRODUTO     VARCHAR2(50),
    EMBALAGEM_PRODUTO        VARCHAR2(30),
    LUCRO                    NUMBER(10,2),
    VALOR                    NUMBER(10,2),
    DESCONTO                 NUMBER(5,2),
    PRECO_BRUTO_UNIDADE      NUMBER(10,2),
    DATA_ENVIO               DATE,
    DATA_PEDIDO              DATE,
    FOREIGN KEY (ID_PEDIDO)  REFERENCES PEDIDOS(ID_PEDIDO),
    FOREIGN KEY (ID_CLIENTE) REFERENCES CLIENTES(ID_CLIENTE)
);


INSERT INTO CLIENTES (ID_CLIENTE, NOME, CIDADE, PAIS) VALUES (1, 'João Silva', 'São Paulo', 'Brasil');
INSERT INTO CLIENTES (ID_CLIENTE, NOME, CIDADE, PAIS) VALUES (2, 'Maria Souza', 'Lisboa', 'Portugal');
INSERT INTO CLIENTES (ID_CLIENTE, NOME, CIDADE, PAIS) VALUES (3, 'Ana Costa', 'Porto', 'Portugal');
INSERT INTO CLIENTES (ID_CLIENTE, NOME, CIDADE, PAIS) VALUES (4, 'Carlos Almeida', 'Rio de Janeiro', 'Brasil');
INSERT INTO CLIENTES (ID_CLIENTE, NOME, CIDADE, PAIS) VALUES (5, 'Fernanda Lima', 'Coimbra', 'Portugal');
INSERT INTO CLIENTES (ID_CLIENTE, NOME, CIDADE, PAIS) VALUES (6, 'Rafael Torres', 'Madrid', 'Espanha');
INSERT INTO CLIENTES (ID_CLIENTE, NOME, CIDADE, PAIS) VALUES (7, 'Lucas Pinto', 'Barcelona', 'Espanha');
INSERT INTO CLIENTES (ID_CLIENTE, NOME, CIDADE, PAIS) VALUES (8, 'Patrícia Gomes', 'Lisboa', 'Portugal');
INSERT INTO CLIENTES (ID_CLIENTE, NOME, CIDADE, PAIS) VALUES (9, 'Mariana Dias', 'São Paulo', 'Brasil');
INSERT INTO CLIENTES (ID_CLIENTE, NOME, CIDADE, PAIS) VALUES (10, 'Eduardo Carvalho', 'Rio de Janeiro', 'Brasil');
INSERT INTO CLIENTES (ID_CLIENTE, NOME, CIDADE, PAIS) VALUES (11, 'Fábio Cruz', 'Porto', 'Portugal');
INSERT INTO CLIENTES (ID_CLIENTE, NOME, CIDADE, PAIS) VALUES (12, 'Lívia Caetano', 'Madrid', 'Espanha');
INSERT INTO CLIENTES (ID_CLIENTE, NOME, CIDADE, PAIS) VALUES (13, 'Bruno Tavares', 'Lisboa', 'Portugal');
INSERT INTO CLIENTES (ID_CLIENTE, NOME, CIDADE, PAIS) VALUES (14, 'Juliana Mendes', 'Coimbra', 'Portugal');
INSERT INTO CLIENTES (ID_CLIENTE, NOME, CIDADE, PAIS) VALUES (15, 'Gabriel Freitas', 'Valência', 'Espanha');
INSERT INTO CLIENTES (ID_CLIENTE, NOME, CIDADE, PAIS) VALUES (16, 'Andreia Macedo', 'Brasília', 'Brasil');
INSERT INTO CLIENTES (ID_CLIENTE, NOME, CIDADE, PAIS) VALUES (17, 'Pedro Matos', 'Lisboa', 'Portugal');
INSERT INTO CLIENTES (ID_CLIENTE, NOME, CIDADE, PAIS) VALUES (18, 'Beatriz Viana', 'Porto', 'Portugal');
INSERT INTO CLIENTES (ID_CLIENTE, NOME, CIDADE, PAIS) VALUES (19, 'Rodrigo Ramos', 'Madrid', 'Espanha');
INSERT INTO CLIENTES (ID_CLIENTE, NOME, CIDADE, PAIS) VALUES (20, 'Débora Cardoso', 'Barcelona', 'Espanha');
INSERT INTO CLIENTES (ID_CLIENTE, NOME, CIDADE, PAIS) VALUES (21, 'Natalia Borges', 'Brasília', 'Brasil');
INSERT INTO CLIENTES (ID_CLIENTE, NOME, CIDADE, PAIS) VALUES (22, 'Henrique Nunes', 'Lisboa', 'Portugal');
INSERT INTO CLIENTES (ID_CLIENTE, NOME, CIDADE, PAIS) VALUES (23, 'Tatiane Esteves', 'Porto', 'Portugal');
INSERT INTO CLIENTES (ID_CLIENTE, NOME, CIDADE, PAIS) VALUES (24, 'Diego Correia', 'Coimbra', 'Portugal');
INSERT INTO CLIENTES (ID_CLIENTE, NOME, CIDADE, PAIS) VALUES (25, 'Camila Moraes', 'Madrid', 'Espanha');
INSERT INTO CLIENTES (ID_CLIENTE, NOME, CIDADE, PAIS) VALUES (26, 'Leonardo Reis', 'Valência', 'Espanha');
INSERT INTO CLIENTES (ID_CLIENTE, NOME, CIDADE, PAIS) VALUES (27, 'Elaine Faria', 'Rio de Janeiro', 'Brasil');
INSERT INTO CLIENTES (ID_CLIENTE, NOME, CIDADE, PAIS) VALUES (28, 'Fernando Figueira', 'Barcelona', 'Espanha');
INSERT INTO CLIENTES (ID_CLIENTE, NOME, CIDADE, PAIS) VALUES (29, 'Silvia Cunha', 'Porto', 'Portugal');
INSERT INTO CLIENTES (ID_CLIENTE, NOME, CIDADE, PAIS) VALUES (30, 'Giovana Amaral', 'Brasília', 'Brasil');
INSERT INTO CLIENTES (ID_CLIENTE, NOME, CIDADE, PAIS) VALUES (31, 'Rogério Lopes', 'Coimbra', 'Portugal');
INSERT INTO CLIENTES (ID_CLIENTE, NOME, CIDADE, PAIS) VALUES (32, 'Monique Duarte', 'Valência', 'Espanha');
INSERT INTO CLIENTES (ID_CLIENTE, NOME, CIDADE, PAIS) VALUES (33, 'Danilo Sales', 'Lisboa', 'Portugal');
INSERT INTO CLIENTES (ID_CLIENTE, NOME, CIDADE, PAIS) VALUES (34, 'Tatiana Leal', 'São Paulo', 'Brasil');
INSERT INTO CLIENTES (ID_CLIENTE, NOME, CIDADE, PAIS) VALUES (35, 'Vitor Azevedo', 'Rio de Janeiro', 'Brasil');
INSERT INTO CLIENTES (ID_CLIENTE, NOME, CIDADE, PAIS) VALUES (36, 'Larissa Barros', 'Brasília', 'Brasil');
INSERT INTO CLIENTES (ID_CLIENTE, NOME, CIDADE, PAIS) VALUES (37, 'Samuel Aguiar', 'Lisboa', 'Portugal');
INSERT INTO CLIENTES (ID_CLIENTE, NOME, CIDADE, PAIS) VALUES (38, 'Marcos Varela', 'Porto', 'Portugal');
INSERT INTO CLIENTES (ID_CLIENTE, NOME, CIDADE, PAIS) VALUES (39, 'Helena Pires', 'Madrid', 'Espanha');
INSERT INTO CLIENTES (ID_CLIENTE, NOME, CIDADE, PAIS) VALUES (40, 'Flávio Rocha', 'Barcelona', 'Espanha');
INSERT INTO CLIENTES (ID_CLIENTE, NOME, CIDADE, PAIS) VALUES (41, 'Viviane Fontes', 'São Paulo', 'Brasil');
INSERT INTO CLIENTES (ID_CLIENTE, NOME, CIDADE, PAIS) VALUES (42, 'Claudio Rufino', 'Lisboa', 'Portugal');
INSERT INTO CLIENTES (ID_CLIENTE, NOME, CIDADE, PAIS) VALUES (43, 'Estela Ribeiro', 'Porto', 'Portugal');
INSERT INTO CLIENTES (ID_CLIENTE, NOME, CIDADE, PAIS) VALUES (44, 'Gilberto Silva', 'Madrid', 'Espanha');
INSERT INTO CLIENTES (ID_CLIENTE, NOME, CIDADE, PAIS) VALUES (45, 'Celina Siqueira', 'Valência', 'Espanha');
INSERT INTO CLIENTES (ID_CLIENTE, NOME, CIDADE, PAIS) VALUES (46, 'Teresa Meireles', 'Coimbra', 'Portugal');
INSERT INTO CLIENTES (ID_CLIENTE, NOME, CIDADE, PAIS) VALUES (47, 'Rafael Albuquerque', 'Rio de Janeiro', 'Brasil');
INSERT INTO CLIENTES (ID_CLIENTE, NOME, CIDADE, PAIS) VALUES (48, 'Aline Moreira', 'São Paulo', 'Brasil');
INSERT INTO CLIENTES (ID_CLIENTE, NOME, CIDADE, PAIS) VALUES (49, 'Thiago Teixeira', 'Barcelona', 'Espanha');
INSERT INTO CLIENTES (ID_CLIENTE, NOME, CIDADE, PAIS) VALUES (50, 'Joana Guerra', 'Brasília', 'Brasil');
INSERT INTO CLIENTES (ID_CLIENTE, NOME, CIDADE, PAIS) VALUES (51, 'Otávio Souza', 'Lisboa', 'Portugal');
INSERT INTO CLIENTES (ID_CLIENTE, NOME, CIDADE, PAIS) VALUES (52, 'Sofia Fernandes', 'Porto', 'Portugal');
INSERT INTO CLIENTES (ID_CLIENTE, NOME, CIDADE, PAIS) VALUES (53, 'André Ferreira', 'Madrid', 'Espanha');
INSERT INTO CLIENTES (ID_CLIENTE, NOME, CIDADE, PAIS) VALUES (54, 'Diana Pacheco', 'Coimbra', 'Portugal');
INSERT INTO CLIENTES (ID_CLIENTE, NOME, CIDADE, PAIS) VALUES (55, 'Hugo Peixoto', 'Valência', 'Espanha');
INSERT INTO CLIENTES (ID_CLIENTE, NOME, CIDADE, PAIS) VALUES (56, 'Daniel Santos', 'Rio de Janeiro', 'Brasil');
INSERT INTO CLIENTES (ID_CLIENTE, NOME, CIDADE, PAIS) VALUES (57, 'Angela Maciel', 'Lisboa', 'Portugal');
INSERT INTO CLIENTES (ID_CLIENTE, NOME, CIDADE, PAIS) VALUES (58, 'Elias Campos', 'Porto', 'Portugal');
INSERT INTO CLIENTES (ID_CLIENTE, NOME, CIDADE, PAIS) VALUES (59, 'Renata Borges', 'Barcelona', 'Espanha');
INSERT INTO CLIENTES (ID_CLIENTE, NOME, CIDADE, PAIS) VALUES (60, 'Iago Vieira', 'São Paulo', 'Brasil');
INSERT INTO CLIENTES (ID_CLIENTE, NOME, CIDADE, PAIS) VALUES (61, 'Giuseppe Mattos', 'Valência', 'Espanha');
INSERT INTO CLIENTES (ID_CLIENTE, NOME, CIDADE, PAIS) VALUES (62, 'Paulo Gomes', 'Coimbra', 'Portugal');
INSERT INTO CLIENTES (ID_CLIENTE, NOME, CIDADE, PAIS) VALUES (63, 'Sílvia Lemos', 'Madrid', 'Espanha');
INSERT INTO CLIENTES (ID_CLIENTE, NOME, CIDADE, PAIS) VALUES (64, 'Valentina Serra', 'Porto', 'Portugal');
INSERT INTO CLIENTES (ID_CLIENTE, NOME, CIDADE, PAIS) VALUES (65, 'Matheus Navarro', 'Brasília', 'Brasil');
INSERT INTO CLIENTES (ID_CLIENTE, NOME, CIDADE, PAIS) VALUES (66, 'Isabela Antunes', 'Lisboa', 'Portugal');
INSERT INTO CLIENTES (ID_CLIENTE, NOME, CIDADE, PAIS) VALUES (67, 'Cristina Andrade', 'São Paulo', 'Brasil');
INSERT INTO CLIENTES (ID_CLIENTE, NOME, CIDADE, PAIS) VALUES (68, 'Sandro Miranda', 'Porto', 'Portugal');
INSERT INTO CLIENTES (ID_CLIENTE, NOME, CIDADE, PAIS) VALUES (69, 'José Victor', 'Coimbra', 'Portugal');
INSERT INTO CLIENTES (ID_CLIENTE, NOME, CIDADE, PAIS) VALUES (70, 'Cíntia Rezende', 'Rio de Janeiro', 'Brasil');
INSERT INTO CLIENTES (ID_CLIENTE, NOME, CIDADE, PAIS) VALUES (71, 'Roberta Duarte', 'Valência', 'Espanha');
INSERT INTO CLIENTES (ID_CLIENTE, NOME, CIDADE, PAIS) VALUES (72, 'Gabriel Alves', 'Lisboa', 'Portugal');
INSERT INTO CLIENTES (ID_CLIENTE, NOME, CIDADE, PAIS) VALUES (73, 'Jéssica Garcia', 'Brasília', 'Brasil');
INSERT INTO CLIENTES (ID_CLIENTE, NOME, CIDADE, PAIS) VALUES (74, 'César Andrade', 'Barcelona', 'Espanha');
INSERT INTO CLIENTES (ID_CLIENTE, NOME, CIDADE, PAIS) VALUES (75, 'Luana Araújo', 'Rio de Janeiro', 'Brasil');
INSERT INTO CLIENTES (ID_CLIENTE, NOME, CIDADE, PAIS) VALUES (76, 'Eduarda Brito', 'Lisboa', 'Portugal');
INSERT INTO CLIENTES (ID_CLIENTE, NOME, CIDADE, PAIS) VALUES (77, 'Lucas Barbosa', 'Porto', 'Portugal');
INSERT INTO CLIENTES (ID_CLIENTE, NOME, CIDADE, PAIS) VALUES (78, 'Patrícia Silva', 'São Paulo', 'Brasil');
INSERT INTO CLIENTES (ID_CLIENTE, NOME, CIDADE, PAIS) VALUES (79, 'Heitor Morais', 'Madrid', 'Espanha');
INSERT INTO CLIENTES (ID_CLIENTE, NOME, CIDADE, PAIS) VALUES (80, 'Renan Santos', 'Coimbra', 'Portugal');
INSERT INTO CLIENTES (ID_CLIENTE, NOME, CIDADE, PAIS) VALUES (81, 'Laura Caldas', 'Barcelona', 'Espanha');
INSERT INTO CLIENTES (ID_CLIENTE, NOME, CIDADE, PAIS) VALUES (82, 'Bruna Barreto', 'Lisboa', 'Portugal');
INSERT INTO CLIENTES (ID_CLIENTE, NOME, CIDADE, PAIS) VALUES (83, 'Rodrigo Mendes', 'Porto', 'Portugal');
INSERT INTO CLIENTES (ID_CLIENTE, NOME, CIDADE, PAIS) VALUES (84, 'Amanda Pereira', 'Brasília', 'Brasil');
INSERT INTO CLIENTES (ID_CLIENTE, NOME, CIDADE, PAIS) VALUES (85, 'Tatiane Gouveia', 'Rio de Janeiro', 'Brasil');
INSERT INTO CLIENTES (ID_CLIENTE, NOME, CIDADE, PAIS) VALUES (86, 'Letícia Brandão', 'Lisboa', 'Portugal');
INSERT INTO CLIENTES (ID_CLIENTE, NOME, CIDADE, PAIS) VALUES (87, 'Diogo Batista', 'São Paulo', 'Brasil');
INSERT INTO CLIENTES (ID_CLIENTE, NOME, CIDADE, PAIS) VALUES (88, 'Bianca Peixoto', 'Porto', 'Portugal');
INSERT INTO CLIENTES (ID_CLIENTE, NOME, CIDADE, PAIS) VALUES (89, 'Milena Nascimento', 'Madrid', 'Espanha');
INSERT INTO CLIENTES (ID_CLIENTE, NOME, CIDADE, PAIS) VALUES (90, 'Clara Maciel', 'Barcelona', 'Espanha');
INSERT INTO CLIENTES (ID_CLIENTE, NOME, CIDADE, PAIS) VALUES (91, 'Otávio Vilela', 'Valência', 'Espanha');
INSERT INTO CLIENTES (ID_CLIENTE, NOME, CIDADE, PAIS) VALUES (92, 'Yuri Sousa', 'Lisboa', 'Portugal');
INSERT INTO CLIENTES (ID_CLIENTE, NOME, CIDADE, PAIS) VALUES (93, 'Melissa Abreu', 'São Paulo', 'Brasil');
INSERT INTO CLIENTES (ID_CLIENTE, NOME, CIDADE, PAIS) VALUES (94, 'Cláudio Moreira', 'Brasília', 'Brasil');
INSERT INTO CLIENTES (ID_CLIENTE, NOME, CIDADE, PAIS) VALUES (95, 'Erika Freitas', 'Porto', 'Portugal');
INSERT INTO CLIENTES (ID_CLIENTE, NOME, CIDADE, PAIS) VALUES (96, 'Tiago Nobre', 'Madrid', 'Espanha');
INSERT INTO CLIENTES (ID_CLIENTE, NOME, CIDADE, PAIS) VALUES (97, 'Carla Queiroz', 'Coimbra', 'Portugal');
INSERT INTO CLIENTES (ID_CLIENTE, NOME, CIDADE, PAIS) VALUES (98, 'Felipe Pires', 'Rio de Janeiro', 'Brasil');
INSERT INTO CLIENTES (ID_CLIENTE, NOME, CIDADE, PAIS) VALUES (99, 'Vanessa Dias', 'Porto', 'Portugal');
INSERT INTO CLIENTES (ID_CLIENTE, NOME, CIDADE, PAIS) VALUES (100, 'Priscila Duarte', 'Valência', 'Espanha');



INSERT INTO PEDIDOS (ID_PEDIDO, PRIORIDADE_PEDIDO, QUANTIDADE_PEDIDO, VALOR_FRENTE, MODO_ENVIO) VALUES (1, 'Alta', 10, 20.5, 'Aéreo');
INSERT INTO PEDIDOS (ID_PEDIDO, PRIORIDADE_PEDIDO, QUANTIDADE_PEDIDO, VALOR_FRENTE, MODO_ENVIO) VALUES (2, 'Baixa', 5, 15.0, 'Rodoviário');
INSERT INTO PEDIDOS (ID_PEDIDO, PRIORIDADE_PEDIDO, QUANTIDADE_PEDIDO, VALOR_FRENTE, MODO_ENVIO) VALUES (3, 'Média', 3, 10.0, 'Marítimo');
INSERT INTO PEDIDOS (ID_PEDIDO, PRIORIDADE_PEDIDO, QUANTIDADE_PEDIDO, VALOR_FRENTE, MODO_ENVIO) VALUES (4, 'Alta', 12, 25.0, 'Aéreo');
INSERT INTO PEDIDOS (ID_PEDIDO, PRIORIDADE_PEDIDO, QUANTIDADE_PEDIDO, VALOR_FRENTE, MODO_ENVIO) VALUES (5, 'Média', 6, 12.5, 'Rodoviário');
INSERT INTO PEDIDOS (ID_PEDIDO, PRIORIDADE_PEDIDO, QUANTIDADE_PEDIDO, VALOR_FRENTE, MODO_ENVIO) VALUES (6, 'Baixa', 8, 11.0, 'Aéreo');
INSERT INTO PEDIDOS (ID_PEDIDO, PRIORIDADE_PEDIDO, QUANTIDADE_PEDIDO, VALOR_FRENTE, MODO_ENVIO) VALUES (7, 'Alta', 14, 24.2, 'Marítimo');
INSERT INTO PEDIDOS (ID_PEDIDO, PRIORIDADE_PEDIDO, QUANTIDADE_PEDIDO, VALOR_FRENTE, MODO_ENVIO) VALUES (8, 'Média', 2, 18.7, 'Rodoviário');
INSERT INTO PEDIDOS (ID_PEDIDO, PRIORIDADE_PEDIDO, QUANTIDADE_PEDIDO, VALOR_FRENTE, MODO_ENVIO) VALUES (9, 'Baixa', 7, 10.3, 'Aéreo');
INSERT INTO PEDIDOS (ID_PEDIDO, PRIORIDADE_PEDIDO, QUANTIDADE_PEDIDO, VALOR_FRENTE, MODO_ENVIO) VALUES (10, 'Alta',  3,  8.5, 'Marítimo');
INSERT INTO PEDIDOS (ID_PEDIDO, PRIORIDADE_PEDIDO, QUANTIDADE_PEDIDO, VALOR_FRENTE, MODO_ENVIO) VALUES (11, 'Média', 9, 15.0, 'Rodoviário');
INSERT INTO PEDIDOS (ID_PEDIDO, PRIORIDADE_PEDIDO, QUANTIDADE_PEDIDO, VALOR_FRENTE, MODO_ENVIO) VALUES (12, 'Baixa', 6, 11.4, 'Aéreo');
INSERT INTO PEDIDOS (ID_PEDIDO, PRIORIDADE_PEDIDO, QUANTIDADE_PEDIDO, VALOR_FRENTE, MODO_ENVIO) VALUES (13, 'Alta', 13, 17.8, 'Rodoviário');
INSERT INTO PEDIDOS (ID_PEDIDO, PRIORIDADE_PEDIDO, QUANTIDADE_PEDIDO, VALOR_FRENTE, MODO_ENVIO) VALUES (14, 'Média', 4, 13.9, 'Aéreo');
INSERT INTO PEDIDOS (ID_PEDIDO, PRIORIDADE_PEDIDO, QUANTIDADE_PEDIDO, VALOR_FRENTE, MODO_ENVIO) VALUES (15, 'Baixa', 16, 19.5, 'Marítimo');
INSERT INTO PEDIDOS (ID_PEDIDO, PRIORIDADE_PEDIDO, QUANTIDADE_PEDIDO, VALOR_FRENTE, MODO_ENVIO) VALUES (16, 'Alta', 8, 18.6, 'Rodoviário');
INSERT INTO PEDIDOS (ID_PEDIDO, PRIORIDADE_PEDIDO, QUANTIDADE_PEDIDO, VALOR_FRENTE, MODO_ENVIO) VALUES (17, 'Média', 9, 21.2, 'Aéreo');
INSERT INTO PEDIDOS (ID_PEDIDO, PRIORIDADE_PEDIDO, QUANTIDADE_PEDIDO, VALOR_FRENTE, MODO_ENVIO) VALUES (18, 'Baixa', 3, 12.8, 'Marítimo');
INSERT INTO PEDIDOS (ID_PEDIDO, PRIORIDADE_PEDIDO, QUANTIDADE_PEDIDO, VALOR_FRENTE, MODO_ENVIO) VALUES (19, 'Alta', 7,  7.7, 'Rodoviário');
INSERT INTO PEDIDOS (ID_PEDIDO, PRIORIDADE_PEDIDO, QUANTIDADE_PEDIDO, VALOR_FRENTE, MODO_ENVIO) VALUES (20, 'Média', 5, 15.6, 'Aéreo');
INSERT INTO PEDIDOS (ID_PEDIDO, PRIORIDADE_PEDIDO, QUANTIDADE_PEDIDO, VALOR_FRENTE, MODO_ENVIO) VALUES (21, 'Baixa', 8, 11.8, 'Marítimo');
INSERT INTO PEDIDOS (ID_PEDIDO, PRIORIDADE_PEDIDO, QUANTIDADE_PEDIDO, VALOR_FRENTE, MODO_ENVIO) VALUES (22, 'Alta', 10, 23.0, 'Rodoviário');
INSERT INTO PEDIDOS (ID_PEDIDO, PRIORIDADE_PEDIDO, QUANTIDADE_PEDIDO, VALOR_FRENTE, MODO_ENVIO) VALUES (23, 'Média', 12, 21.9, 'Aéreo');
INSERT INTO PEDIDOS (ID_PEDIDO, PRIORIDADE_PEDIDO, QUANTIDADE_PEDIDO, VALOR_FRENTE, MODO_ENVIO) VALUES (24, 'Baixa', 6, 17.5, 'Marítimo');
INSERT INTO PEDIDOS (ID_PEDIDO, PRIORIDADE_PEDIDO, QUANTIDADE_PEDIDO, VALOR_FRENTE, MODO_ENVIO) VALUES (25, 'Alta', 9, 12.3, 'Rodoviário');
INSERT INTO PEDIDOS (ID_PEDIDO, PRIORIDADE_PEDIDO, QUANTIDADE_PEDIDO, VALOR_FRENTE, MODO_ENVIO) VALUES (26, 'Média', 7, 18.7, 'Aéreo');
INSERT INTO PEDIDOS (ID_PEDIDO, PRIORIDADE_PEDIDO, QUANTIDADE_PEDIDO, VALOR_FRENTE, MODO_ENVIO) VALUES (27, 'Baixa', 2,  6.6, 'Marítimo');
INSERT INTO PEDIDOS (ID_PEDIDO, PRIORIDADE_PEDIDO, QUANTIDADE_PEDIDO, VALOR_FRENTE, MODO_ENVIO) VALUES (28, 'Alta',  5,  9.5, 'Rodoviário');
INSERT INTO PEDIDOS (ID_PEDIDO, PRIORIDADE_PEDIDO, QUANTIDADE_PEDIDO, VALOR_FRENTE, MODO_ENVIO) VALUES (29, 'Média', 15, 14.4, 'Aéreo');
INSERT INTO PEDIDOS (ID_PEDIDO, PRIORIDADE_PEDIDO, QUANTIDADE_PEDIDO, VALOR_FRENTE, MODO_ENVIO) VALUES (30, 'Baixa', 8, 19.2, 'Marítimo');
INSERT INTO PEDIDOS (ID_PEDIDO, PRIORIDADE_PEDIDO, QUANTIDADE_PEDIDO, VALOR_FRENTE, MODO_ENVIO) VALUES (31, 'Alta',  4, 17.2, 'Rodoviário');
INSERT INTO PEDIDOS (ID_PEDIDO, PRIORIDADE_PEDIDO, QUANTIDADE_PEDIDO, VALOR_FRENTE, MODO_ENVIO) VALUES (32, 'Média', 10, 23.5, 'Aéreo');
INSERT INTO PEDIDOS (ID_PEDIDO, PRIORIDADE_PEDIDO, QUANTIDADE_PEDIDO, VALOR_FRENTE, MODO_ENVIO) VALUES (33, 'Baixa', 13, 10.1, 'Marítimo');
INSERT INTO PEDIDOS (ID_PEDIDO, PRIORIDADE_PEDIDO, QUANTIDADE_PEDIDO, VALOR_FRENTE, MODO_ENVIO) VALUES (34, 'Alta', 11, 16.9, 'Rodoviário');
INSERT INTO PEDIDOS (ID_PEDIDO, PRIORIDADE_PEDIDO, QUANTIDADE_PEDIDO, VALOR_FRENTE, MODO_ENVIO) VALUES (35, 'Média',  7, 15.8, 'Aéreo');
INSERT INTO PEDIDOS (ID_PEDIDO, PRIORIDADE_PEDIDO, QUANTIDADE_PEDIDO, VALOR_FRENTE, MODO_ENVIO) VALUES (36, 'Baixa',  6, 12.3, 'Marítimo');
INSERT INTO PEDIDOS (ID_PEDIDO, PRIORIDADE_PEDIDO, QUANTIDADE_PEDIDO, VALOR_FRENTE, MODO_ENVIO) VALUES (37, 'Alta',  9, 18.1, 'Rodoviário');
INSERT INTO PEDIDOS (ID_PEDIDO, PRIORIDADE_PEDIDO, QUANTIDADE_PEDIDO, VALOR_FRENTE, MODO_ENVIO) VALUES (38, 'Média',  9, 13.6, 'Aéreo');
INSERT INTO PEDIDOS (ID_PEDIDO, PRIORIDADE_PEDIDO, QUANTIDADE_PEDIDO, VALOR_FRENTE, MODO_ENVIO) VALUES (39, 'Baixa', 15, 14.8, 'Marítimo');
INSERT INTO PEDIDOS (ID_PEDIDO, PRIORIDADE_PEDIDO, QUANTIDADE_PEDIDO, VALOR_FRENTE, MODO_ENVIO) VALUES (40, 'Alta', 10,  8.3, 'Rodoviário');
INSERT INTO PEDIDOS (ID_PEDIDO, PRIORIDADE_PEDIDO, QUANTIDADE_PEDIDO, VALOR_FRENTE, MODO_ENVIO) VALUES (41, 'Média',  6, 22.4, 'Aéreo');
INSERT INTO PEDIDOS (ID_PEDIDO, PRIORIDADE_PEDIDO, QUANTIDADE_PEDIDO, VALOR_FRENTE, MODO_ENVIO) VALUES (42, 'Baixa',  3, 16.1, 'Marítimo');
INSERT INTO PEDIDOS (ID_PEDIDO, PRIORIDADE_PEDIDO, QUANTIDADE_PEDIDO, VALOR_FRENTE, MODO_ENVIO) VALUES (43, 'Alta', 12, 19.7, 'Rodoviário');
INSERT INTO PEDIDOS (ID_PEDIDO, PRIORIDADE_PEDIDO, QUANTIDADE_PEDIDO, VALOR_FRENTE, MODO_ENVIO) VALUES (44, 'Média',  4, 10.2, 'Aéreo');
INSERT INTO PEDIDOS (ID_PEDIDO, PRIORIDADE_PEDIDO, QUANTIDADE_PEDIDO, VALOR_FRENTE, MODO_ENVIO) VALUES (45, 'Baixa',  5,  7.9, 'Marítimo');
INSERT INTO PEDIDOS (ID_PEDIDO, PRIORIDADE_PEDIDO, QUANTIDADE_PEDIDO, VALOR_FRENTE, MODO_ENVIO) VALUES (46, 'Alta', 11, 12.5, 'Rodoviário');
INSERT INTO PEDIDOS (ID_PEDIDO, PRIORIDADE_PEDIDO, QUANTIDADE_PEDIDO, VALOR_FRENTE, MODO_ENVIO) VALUES (47, 'Média',  8,  9.2, 'Aéreo');
INSERT INTO PEDIDOS (ID_PEDIDO, PRIORIDADE_PEDIDO, QUANTIDADE_PEDIDO, VALOR_FRENTE, MODO_ENVIO) VALUES (48, 'Baixa', 14, 15.5, 'Marítimo');
INSERT INTO PEDIDOS (ID_PEDIDO, PRIORIDADE_PEDIDO, QUANTIDADE_PEDIDO, VALOR_FRENTE, MODO_ENVIO) VALUES (49, 'Alta', 15, 22.8, 'Rodoviário');
INSERT INTO PEDIDOS (ID_PEDIDO, PRIORIDADE_PEDIDO, QUANTIDADE_PEDIDO, VALOR_FRENTE, MODO_ENVIO) VALUES (50, 'Média',  1,  6.9, 'Aéreo');
INSERT INTO PEDIDOS (ID_PEDIDO, PRIORIDADE_PEDIDO, QUANTIDADE_PEDIDO, VALOR_FRENTE, MODO_ENVIO) VALUES (51, 'Baixa',  9, 17.7, 'Marítimo');
INSERT INTO PEDIDOS (ID_PEDIDO, PRIORIDADE_PEDIDO, QUANTIDADE_PEDIDO, VALOR_FRENTE, MODO_ENVIO) VALUES (52, 'Alta',  6, 19.3, 'Rodoviário');
INSERT INTO PEDIDOS (ID_PEDIDO, PRIORIDADE_PEDIDO, QUANTIDADE_PEDIDO, VALOR_FRENTE, MODO_ENVIO) VALUES (53, 'Média',  5, 11.5, 'Aéreo');
INSERT INTO PEDIDOS (ID_PEDIDO, PRIORIDADE_PEDIDO, QUANTIDADE_PEDIDO, VALOR_FRENTE, MODO_ENVIO) VALUES (54, 'Baixa',  8, 20.1, 'Marítimo');
INSERT INTO PEDIDOS (ID_PEDIDO, PRIORIDADE_PEDIDO, QUANTIDADE_PEDIDO, VALOR_FRENTE, MODO_ENVIO) VALUES (55, 'Alta',  7, 15.4, 'Rodoviário');
INSERT INTO PEDIDOS (ID_PEDIDO, PRIORIDADE_PEDIDO, QUANTIDADE_PEDIDO, VALOR_FRENTE, MODO_ENVIO) VALUES (56, 'Média',  4, 12.2, 'Aéreo');
INSERT INTO PEDIDOS (ID_PEDIDO, PRIORIDADE_PEDIDO, QUANTIDADE_PEDIDO, VALOR_FRENTE, MODO_ENVIO) VALUES (57, 'Baixa', 13, 14.9, 'Marítimo');
INSERT INTO PEDIDOS (ID_PEDIDO, PRIORIDADE_PEDIDO, QUANTIDADE_PEDIDO, VALOR_FRENTE, MODO_ENVIO) VALUES (58, 'Alta',  2,  8.1, 'Rodoviário');
INSERT INTO PEDIDOS (ID_PEDIDO, PRIORIDADE_PEDIDO, QUANTIDADE_PEDIDO, VALOR_FRENTE, MODO_ENVIO) VALUES (59, 'Média', 11, 10.8, 'Aéreo');
INSERT INTO PEDIDOS (ID_PEDIDO, PRIORIDADE_PEDIDO, QUANTIDADE_PEDIDO, VALOR_FRENTE, MODO_ENVIO) VALUES (60, 'Baixa', 10, 18.4, 'Marítimo');
INSERT INTO PEDIDOS (ID_PEDIDO, PRIORIDADE_PEDIDO, QUANTIDADE_PEDIDO, VALOR_FRENTE, MODO_ENVIO) VALUES (61, 'Alta', 14, 16.2, 'Rodoviário');
INSERT INTO PEDIDOS (ID_PEDIDO, PRIORIDADE_PEDIDO, QUANTIDADE_PEDIDO, VALOR_FRENTE, MODO_ENVIO) VALUES (62, 'Média',  3, 13.1, 'Aéreo');
INSERT INTO PEDIDOS (ID_PEDIDO, PRIORIDADE_PEDIDO, QUANTIDADE_PEDIDO, VALOR_FRENTE, MODO_ENVIO) VALUES (63, 'Baixa',  1,  6.5, 'Marítimo');
INSERT INTO PEDIDOS (ID_PEDIDO, PRIORIDADE_PEDIDO, QUANTIDADE_PEDIDO, VALOR_FRENTE, MODO_ENVIO) VALUES (64, 'Alta', 13, 24.3, 'Rodoviário');
INSERT INTO PEDIDOS (ID_PEDIDO, PRIORIDADE_PEDIDO, QUANTIDADE_PEDIDO, VALOR_FRENTE, MODO_ENVIO) VALUES (65, 'Média',  8, 15.0, 'Aéreo');
INSERT INTO PEDIDOS (ID_PEDIDO, PRIORIDADE_PEDIDO, QUANTIDADE_PEDIDO, VALOR_FRENTE, MODO_ENVIO) VALUES (66, 'Baixa',  5, 18.5, 'Marítimo');
INSERT INTO PEDIDOS (ID_PEDIDO, PRIORIDADE_PEDIDO, QUANTIDADE_PEDIDO, VALOR_FRENTE, MODO_ENVIO) VALUES (67, 'Alta',  9, 15.8, 'Rodoviário');
INSERT INTO PEDIDOS (ID_PEDIDO, PRIORIDADE_PEDIDO, QUANTIDADE_PEDIDO, VALOR_FRENTE, MODO_ENVIO) VALUES (68, 'Média', 12, 21.1, 'Aéreo');
INSERT INTO PEDIDOS (ID_PEDIDO, PRIORIDADE_PEDIDO, QUANTIDADE_PEDIDO, VALOR_FRENTE, MODO_ENVIO) VALUES (69, 'Baixa',  3, 10.0, 'Marítimo');
INSERT INTO PEDIDOS (ID_PEDIDO, PRIORIDADE_PEDIDO, QUANTIDADE_PEDIDO, VALOR_FRENTE, MODO_ENVIO) VALUES (70, 'Alta',  6, 13.9, 'Rodoviário');
INSERT INTO PEDIDOS (ID_PEDIDO, PRIORIDADE_PEDIDO, QUANTIDADE_PEDIDO, VALOR_FRENTE, MODO_ENVIO) VALUES (71, 'Média', 14, 19.5, 'Aéreo');
INSERT INTO PEDIDOS (ID_PEDIDO, PRIORIDADE_PEDIDO, QUANTIDADE_PEDIDO, VALOR_FRENTE, MODO_ENVIO) VALUES (72, 'Baixa',  7,  7.7, 'Marítimo');
INSERT INTO PEDIDOS (ID_PEDIDO, PRIORIDADE_PEDIDO, QUANTIDADE_PEDIDO, VALOR_FRENTE, MODO_ENVIO) VALUES (73, 'Alta', 11, 12.0, 'Rodoviário');
INSERT INTO PEDIDOS (ID_PEDIDO, PRIORIDADE_PEDIDO, QUANTIDADE_PEDIDO, VALOR_FRENTE, MODO_ENVIO) VALUES (74, 'Média',  8, 23.6, 'Aéreo');
INSERT INTO PEDIDOS (ID_PEDIDO, PRIORIDADE_PEDIDO, QUANTIDADE_PEDIDO, VALOR_FRENTE, MODO_ENVIO) VALUES (75, 'Baixa',  2, 16.1, 'Marítimo');
INSERT INTO PEDIDOS (ID_PEDIDO, PRIORIDADE_PEDIDO, QUANTIDADE_PEDIDO, VALOR_FRENTE, MODO_ENVIO) VALUES (76, 'Alta', 10, 11.9, 'Rodoviário');
INSERT INTO PEDIDOS (ID_PEDIDO, PRIORIDADE_PEDIDO, QUANTIDADE_PEDIDO, VALOR_FRENTE, MODO_ENVIO) VALUES (77, 'Média', 13, 14.5, 'Aéreo');
INSERT INTO PEDIDOS (ID_PEDIDO, PRIORIDADE_PEDIDO, QUANTIDADE_PEDIDO, VALOR_FRENTE, MODO_ENVIO) VALUES (78, 'Baixa',  2,  7.8, 'Marítimo');
INSERT INTO PEDIDOS (ID_PEDIDO, PRIORIDADE_PEDIDO, QUANTIDADE_PEDIDO, VALOR_FRENTE, MODO_ENVIO) VALUES (79, 'Alta',  1, 24.0, 'Rodoviário');
INSERT INTO PEDIDOS (ID_PEDIDO, PRIORIDADE_PEDIDO, QUANTIDADE_PEDIDO, VALOR_FRENTE, MODO_ENVIO) VALUES (80, 'Média',  9, 20.3, 'Aéreo');
INSERT INTO PEDIDOS (ID_PEDIDO, PRIORIDADE_PEDIDO, QUANTIDADE_PEDIDO, VALOR_FRENTE, MODO_ENVIO) VALUES (81, 'Baixa', 12, 11.7, 'Marítimo');
INSERT INTO PEDIDOS (ID_PEDIDO, PRIORIDADE_PEDIDO, QUANTIDADE_PEDIDO, VALOR_FRENTE, MODO_ENVIO) VALUES (82, 'Alta', 15, 22.4, 'Rodoviário');
INSERT INTO PEDIDOS (ID_PEDIDO, PRIORIDADE_PEDIDO, QUANTIDADE_PEDIDO, VALOR_FRENTE, MODO_ENVIO) VALUES (83, 'Média',  7, 12.7, 'Aéreo');
INSERT INTO PEDIDOS (ID_PEDIDO, PRIORIDADE_PEDIDO, QUANTIDADE_PEDIDO, VALOR_FRENTE, MODO_ENVIO) VALUES (84, 'Baixa',  6, 15.6, 'Marítimo');
INSERT INTO PEDIDOS (ID_PEDIDO, PRIORIDADE_PEDIDO, QUANTIDADE_PEDIDO, VALOR_FRENTE, MODO_ENVIO) VALUES (85, 'Alta', 11, 15.9, 'Rodoviário');
INSERT INTO PEDIDOS (ID_PEDIDO, PRIORIDADE_PEDIDO, QUANTIDADE_PEDIDO, VALOR_FRENTE, MODO_ENVIO) VALUES (86, 'Média',  5, 17.6, 'Aéreo');
INSERT INTO PEDIDOS (ID_PEDIDO, PRIORIDADE_PEDIDO, QUANTIDADE_PEDIDO, VALOR_FRENTE, MODO_ENVIO) VALUES (87, 'Baixa',  3, 14.4, 'Marítimo');
INSERT INTO PEDIDOS (ID_PEDIDO, PRIORIDADE_PEDIDO, QUANTIDADE_PEDIDO, VALOR_FRENTE, MODO_ENVIO) VALUES (88, 'Alta',  8, 11.5, 'Rodoviário');
INSERT INTO PEDIDOS (ID_PEDIDO, PRIORIDADE_PEDIDO, QUANTIDADE_PEDIDO, VALOR_FRENTE, MODO_ENVIO) VALUES (89, 'Média', 10, 10.6, 'Aéreo');
INSERT INTO PEDIDOS (ID_PEDIDO, PRIORIDADE_PEDIDO, QUANTIDADE_PEDIDO, VALOR_FRENTE, MODO_ENVIO) VALUES (90, 'Baixa',  9, 18.4, 'Marítimo');
INSERT INTO PEDIDOS (ID_PEDIDO, PRIORIDADE_PEDIDO, QUANTIDADE_PEDIDO, VALOR_FRENTE, MODO_ENVIO) VALUES (91, 'Alta',  7, 23.4, 'Rodoviário');
INSERT INTO PEDIDOS (ID_PEDIDO, PRIORIDADE_PEDIDO, QUANTIDADE_PEDIDO, VALOR_FRENTE, MODO_ENVIO) VALUES (92, 'Média', 13, 13.8, 'Aéreo');
INSERT INTO PEDIDOS (ID_PEDIDO, PRIORIDADE_PEDIDO, QUANTIDADE_PEDIDO, VALOR_FRENTE, MODO_ENVIO) VALUES (93, 'Baixa',  4,  9.4, 'Marítimo');
INSERT INTO PEDIDOS (ID_PEDIDO, PRIORIDADE_PEDIDO, QUANTIDADE_PEDIDO, VALOR_FRENTE, MODO_ENVIO) VALUES (94, 'Alta',  2, 16.9, 'Rodoviário');
INSERT INTO PEDIDOS (ID_PEDIDO, PRIORIDADE_PEDIDO, QUANTIDADE_PEDIDO, VALOR_FRENTE, MODO_ENVIO) VALUES (95, 'Média', 12, 10.3, 'Aéreo');
INSERT INTO PEDIDOS (ID_PEDIDO, PRIORIDADE_PEDIDO, QUANTIDADE_PEDIDO, VALOR_FRENTE, MODO_ENVIO) VALUES (96, 'Baixa',  5, 11.1, 'Marítimo');
INSERT INTO PEDIDOS (ID_PEDIDO, PRIORIDADE_PEDIDO, QUANTIDADE_PEDIDO, VALOR_FRENTE, MODO_ENVIO) VALUES (97, 'Alta',  8, 12.6, 'Rodoviário');
INSERT INTO PEDIDOS (ID_PEDIDO, PRIORIDADE_PEDIDO, QUANTIDADE_PEDIDO, VALOR_FRENTE, MODO_ENVIO) VALUES (98, 'Média',  6, 22.2, 'Aéreo');
INSERT INTO PEDIDOS (ID_PEDIDO, PRIORIDADE_PEDIDO, QUANTIDADE_PEDIDO, VALOR_FRENTE, MODO_ENVIO) VALUES (99, 'Baixa',  7, 13.5, 'Marítimo');
INSERT INTO PEDIDOS (ID_PEDIDO, PRIORIDADE_PEDIDO, QUANTIDADE_PEDIDO, VALOR_FRENTE, MODO_ENVIO) VALUES (100, 'Alta', 10, 19.5, 'Rodoviário');



INSERT INTO VENDAS (ID_LINHA_PEDIDO, ID_PEDIDO, ID_CLIENTE, CATEGORIA_PRODUTO, SUBCATEGORIA_PRODUTO, EMBALAGEM_PRODUTO, LUCRO, VALOR, DESCONTO, PRECO_BRUTO_UNIDADE, DATA_ENVIO, DATA_PEDIDO) VALUES (1, 1, 1, 'Eletrônicos', 'Celulares', 'Caixa', 100.50, 500.00, 5.00, 105.00, DATE '2024-05-01', DATE '2024-04-28');
INSERT INTO VENDAS (ID_LINHA_PEDIDO, ID_PEDIDO, ID_CLIENTE, CATEGORIA_PRODUTO, SUBCATEGORIA_PRODUTO, EMBALAGEM_PRODUTO, LUCRO, VALOR, DESCONTO, PRECO_BRUTO_UNIDADE, DATA_ENVIO, DATA_PEDIDO) VALUES (2, 2, 2, 'Livros', 'Ficção', 'Envelope', 10.00, 50.00, 2.00, 26.00, DATE '2024-06-10', DATE '2024-06-08');
INSERT INTO VENDAS (ID_LINHA_PEDIDO, ID_PEDIDO, ID_CLIENTE, CATEGORIA_PRODUTO, SUBCATEGORIA_PRODUTO, EMBALAGEM_PRODUTO, LUCRO, VALOR, DESCONTO, PRECO_BRUTO_UNIDADE, DATA_ENVIO, DATA_PEDIDO) VALUES (3, 3, 3, 'Alimentos', 'Perecíveis', 'Caixa', 20.00, 200.00, 1.00, 67.00, DATE '2024-05-20', DATE '2024-05-18');
INSERT INTO VENDAS (ID_LINHA_PEDIDO, ID_PEDIDO, ID_CLIENTE, CATEGORIA_PRODUTO, SUBCATEGORIA_PRODUTO, EMBALAGEM_PRODUTO, LUCRO, VALOR, DESCONTO, PRECO_BRUTO_UNIDADE, DATA_ENVIO, DATA_PEDIDO) VALUES (4, 4, 4, 'Roupas', 'Camisas', 'Caixa', 15.50, 120.00, 3.00, 30.00, DATE '2024-05-05', DATE '2024-05-03');
INSERT INTO VENDAS (ID_LINHA_PEDIDO, ID_PEDIDO, ID_CLIENTE, CATEGORIA_PRODUTO, SUBCATEGORIA_PRODUTO, EMBALAGEM_PRODUTO, LUCRO, VALOR, DESCONTO, PRECO_BRUTO_UNIDADE, DATA_ENVIO, DATA_PEDIDO) VALUES (5, 5, 5, 'Brinquedos', 'Educativos', 'Saco', 7.50, 40.00, 1.50, 9.00, DATE '2024-05-08', DATE '2024-05-07');
INSERT INTO VENDAS (ID_LINHA_PEDIDO, ID_PEDIDO, ID_CLIENTE, CATEGORIA_PRODUTO, SUBCATEGORIA_PRODUTO, EMBALAGEM_PRODUTO, LUCRO, VALOR, DESCONTO, PRECO_BRUTO_UNIDADE, DATA_ENVIO, DATA_PEDIDO) VALUES (6, 6, 6, 'Móveis', 'Escritório', 'Caixa', 55.00, 650.00, 12.00, 140.00, DATE '2024-05-03', DATE '2024-05-01');
INSERT INTO VENDAS (ID_LINHA_PEDIDO, ID_PEDIDO, ID_CLIENTE, CATEGORIA_PRODUTO, SUBCATEGORIA_PRODUTO, EMBALAGEM_PRODUTO, LUCRO, VALOR, DESCONTO, PRECO_BRUTO_UNIDADE, DATA_ENVIO, DATA_PEDIDO) VALUES (7, 7, 7, 'Eletrônicos', 'Tablets', 'Caixa', 85.00, 320.00, 8.00, 64.00, DATE '2024-05-10', DATE '2024-05-08');
INSERT INTO VENDAS (ID_LINHA_PEDIDO, ID_PEDIDO, ID_CLIENTE, CATEGORIA_PRODUTO, SUBCATEGORIA_PRODUTO, EMBALAGEM_PRODUTO, LUCRO, VALOR, DESCONTO, PRECO_BRUTO_UNIDADE, DATA_ENVIO, DATA_PEDIDO) VALUES (8, 8, 8, 'Alimentos', 'Doces', 'Envelope', 5.00, 32.00, 0.50, 7.50, DATE '2024-05-18', DATE '2024-05-17');
INSERT INTO VENDAS (ID_LINHA_PEDIDO, ID_PEDIDO, ID_CLIENTE, CATEGORIA_PRODUTO, SUBCATEGORIA_PRODUTO, EMBALAGEM_PRODUTO, LUCRO, VALOR, DESCONTO, PRECO_BRUTO_UNIDADE, DATA_ENVIO, DATA_PEDIDO) VALUES (9, 9, 9, 'Livros', 'Didáticos', 'Envelope', 12.00, 75.00, 2.50, 28.00, DATE '2024-06-12', DATE '2024-06-10');
INSERT INTO VENDAS (ID_LINHA_PEDIDO, ID_PEDIDO, ID_CLIENTE, CATEGORIA_PRODUTO, SUBCATEGORIA_PRODUTO, EMBALAGEM_PRODUTO, LUCRO, VALOR, DESCONTO, PRECO_BRUTO_UNIDADE, DATA_ENVIO, DATA_PEDIDO) VALUES (10, 10, 10, 'Roupas', 'Calças', 'Caixa', 11.00, 99.00, 4.00, 27.00, DATE '2024-05-17', DATE '2024-05-15');
INSERT INTO VENDAS (ID_LINHA_PEDIDO, ID_PEDIDO, ID_CLIENTE, CATEGORIA_PRODUTO, SUBCATEGORIA_PRODUTO, EMBALAGEM_PRODUTO, LUCRO, VALOR, DESCONTO, PRECO_BRUTO_UNIDADE, DATA_ENVIO, DATA_PEDIDO) VALUES (11, 11, 11, 'Eletrônicos', 'Fones', 'Saco', 12.00, 60.00, 2.00, 18.00, DATE '2024-05-20', DATE '2024-05-18');
INSERT INTO VENDAS (ID_LINHA_PEDIDO, ID_PEDIDO, ID_CLIENTE, CATEGORIA_PRODUTO, SUBCATEGORIA_PRODUTO, EMBALAGEM_PRODUTO, LUCRO, VALOR, DESCONTO, PRECO_BRUTO_UNIDADE, DATA_ENVIO, DATA_PEDIDO) VALUES (12, 12, 12, 'Brinquedos', 'Quebra-cabeça', 'Saco', 4.20, 25.00, 1.00, 6.00, DATE '2024-05-22', DATE '2024-05-20');
INSERT INTO VENDAS (ID_LINHA_PEDIDO, ID_PEDIDO, ID_CLIENTE, CATEGORIA_PRODUTO, SUBCATEGORIA_PRODUTO, EMBALAGEM_PRODUTO, LUCRO, VALOR, DESCONTO, PRECO_BRUTO_UNIDADE, DATA_ENVIO, DATA_PEDIDO) VALUES (13, 13, 13, 'Alimentos', 'Bebidas', 'Caixa', 7.00, 110.00, 2.30, 15.00, DATE '2024-06-01', DATE '2024-05-29');
INSERT INTO VENDAS (ID_LINHA_PEDIDO, ID_PEDIDO, ID_CLIENTE, CATEGORIA_PRODUTO, SUBCATEGORIA_PRODUTO, EMBALAGEM_PRODUTO, LUCRO, VALOR, DESCONTO, PRECO_BRUTO_UNIDADE, DATA_ENVIO, DATA_PEDIDO) VALUES (14, 14, 14, 'Livros', 'Técnicos', 'Envelope', 15.00, 80.00, 5.00, 19.99, DATE '2024-06-13', DATE '2024-06-12');
INSERT INTO VENDAS (ID_LINHA_PEDIDO, ID_PEDIDO, ID_CLIENTE, CATEGORIA_PRODUTO, SUBCATEGORIA_PRODUTO, EMBALAGEM_PRODUTO, LUCRO, VALOR, DESCONTO, PRECO_BRUTO_UNIDADE, DATA_ENVIO, DATA_PEDIDO) VALUES (15, 15, 15, 'Roupas', 'Bermudas', 'Saco', 10.00, 70.00, 1.70, 23.00, DATE '2024-05-21', DATE '2024-05-18');
INSERT INTO VENDAS (ID_LINHA_PEDIDO, ID_PEDIDO, ID_CLIENTE, CATEGORIA_PRODUTO, SUBCATEGORIA_PRODUTO, EMBALAGEM_PRODUTO, LUCRO, VALOR, DESCONTO, PRECO_BRUTO_UNIDADE, DATA_ENVIO, DATA_PEDIDO) VALUES (16, 16, 16, 'Brinquedos', 'Montar', 'Caixa', 6.50, 36.00, 1.90, 13.00, DATE '2024-05-30', DATE '2024-05-28');
INSERT INTO VENDAS (ID_LINHA_PEDIDO, ID_PEDIDO, ID_CLIENTE, CATEGORIA_PRODUTO, SUBCATEGORIA_PRODUTO, EMBALAGEM_PRODUTO, LUCRO, VALOR, DESCONTO, PRECO_BRUTO_UNIDADE, DATA_ENVIO, DATA_PEDIDO) VALUES (17, 17, 17, 'Móveis', 'Sofá', 'Caixa', 100.10, 800.00, 24.00, 200.00, DATE '2024-05-25', DATE '2024-05-23');
INSERT INTO VENDAS (ID_LINHA_PEDIDO, ID_PEDIDO, ID_CLIENTE, CATEGORIA_PRODUTO, SUBCATEGORIA_PRODUTO, EMBALAGEM_PRODUTO, LUCRO, VALOR, DESCONTO, PRECO_BRUTO_UNIDADE, DATA_ENVIO, DATA_PEDIDO) VALUES (18, 18, 18, 'Alimentos', 'Conservas', 'Caixa', 4.40, 42.00, 0.80, 10.00, DATE '2024-05-28', DATE '2024-05-26');
INSERT INTO VENDAS (ID_LINHA_PEDIDO, ID_PEDIDO, ID_CLIENTE, CATEGORIA_PRODUTO, SUBCATEGORIA_PRODUTO, EMBALAGEM_PRODUTO, LUCRO, VALOR, DESCONTO, PRECO_BRUTO_UNIDADE, DATA_ENVIO, DATA_PEDIDO) VALUES (19, 19, 19, 'Eletrônicos', 'Acessórios', 'Envelope', 21.80, 120.00, 6.00, 26.50, DATE '2024-06-03', DATE '2024-05-30');
INSERT INTO VENDAS (ID_LINHA_PEDIDO, ID_PEDIDO, ID_CLIENTE, CATEGORIA_PRODUTO, SUBCATEGORIA_PRODUTO, EMBALAGEM_PRODUTO, LUCRO, VALOR, DESCONTO, PRECO_BRUTO_UNIDADE, DATA_ENVIO, DATA_PEDIDO) VALUES (20, 20, 20, 'Brinquedos', 'Pelúcia', 'Saco', 3.40, 19.00, 0.70, 5.50, DATE '2024-05-31', DATE '2024-05-29');
INSERT INTO VENDAS (ID_LINHA_PEDIDO, ID_PEDIDO, ID_CLIENTE, CATEGORIA_PRODUTO, SUBCATEGORIA_PRODUTO, EMBALAGEM_PRODUTO, LUCRO, VALOR, DESCONTO, PRECO_BRUTO_UNIDADE, DATA_ENVIO, DATA_PEDIDO) VALUES (21, 21, 21, 'Games', 'Consoles', 'Caixa', 120.00, 1100.00, 15.00, 400.00, DATE '2024-06-09', DATE '2024-06-05');
INSERT INTO VENDAS (ID_LINHA_PEDIDO, ID_PEDIDO, ID_CLIENTE, CATEGORIA_PRODUTO, SUBCATEGORIA_PRODUTO, EMBALAGEM_PRODUTO, LUCRO, VALOR, DESCONTO, PRECO_BRUTO_UNIDADE, DATA_ENVIO, DATA_PEDIDO) VALUES (22, 22, 22, 'Roupas', 'Vestidos', 'Saco', 25.00, 300.00, 5.00, 62.00, DATE '2024-06-10', DATE '2024-06-07');
INSERT INTO VENDAS (ID_LINHA_PEDIDO, ID_PEDIDO, ID_CLIENTE, CATEGORIA_PRODUTO, SUBCATEGORIA_PRODUTO, EMBALAGEM_PRODUTO, LUCRO, VALOR, DESCONTO, PRECO_BRUTO_UNIDADE, DATA_ENVIO, DATA_PEDIDO) VALUES (23, 23, 23, 'Beleza', 'Maquiagem', 'Envelope', 7.10, 86.00, 2.50, 25.00, DATE '2024-06-12', DATE '2024-06-10');
INSERT INTO VENDAS (ID_LINHA_PEDIDO, ID_PEDIDO, ID_CLIENTE, CATEGORIA_PRODUTO, SUBCATEGORIA_PRODUTO, EMBALAGEM_PRODUTO, LUCRO, VALOR, DESCONTO, PRECO_BRUTO_UNIDADE, DATA_ENVIO, DATA_PEDIDO) VALUES (24, 24, 24, 'Alimentos', 'Bebidas', 'Caixa', 9.00, 220.00, 3.20, 50.00, DATE '2024-06-13', DATE '2024-06-11');
INSERT INTO VENDAS (ID_LINHA_PEDIDO, ID_PEDIDO, ID_CLIENTE, CATEGORIA_PRODUTO, SUBCATEGORIA_PRODUTO, EMBALAGEM_PRODUTO, LUCRO, VALOR, DESCONTO, PRECO_BRUTO_UNIDADE, DATA_ENVIO, DATA_PEDIDO) VALUES (25, 25, 25, 'Livros', 'Infantil', 'Envelope', 4.20, 29.00, 1.00, 8.00, DATE '2024-06-14', DATE '2024-06-12');
INSERT INTO VENDAS (ID_LINHA_PEDIDO, ID_PEDIDO, ID_CLIENTE, CATEGORIA_PRODUTO, SUBCATEGORIA_PRODUTO, EMBALAGEM_PRODUTO, LUCRO, VALOR, DESCONTO, PRECO_BRUTO_UNIDADE, DATA_ENVIO, DATA_PEDIDO) VALUES (26, 26, 26, 'Eletrônicos', 'Smartwatch', 'Caixa', 60.00, 800.00, 10.00, 200.00, DATE '2024-06-15', DATE '2024-06-13');
INSERT INTO VENDAS (ID_LINHA_PEDIDO, ID_PEDIDO, ID_CLIENTE, CATEGORIA_PRODUTO, SUBCATEGORIA_PRODUTO, EMBALAGEM_PRODUTO, LUCRO, VALOR, DESCONTO, PRECO_BRUTO_UNIDADE, DATA_ENVIO, DATA_PEDIDO) VALUES (27, 27, 27, 'Brinquedos', 'Jogos', 'Saco', 5.50, 33.00, 1.30, 10.00, DATE '2024-06-16', DATE '2024-06-14');
INSERT INTO VENDAS (ID_LINHA_PEDIDO, ID_PEDIDO, ID_CLIENTE, CATEGORIA_PRODUTO, SUBCATEGORIA_PRODUTO, EMBALAGEM_PRODUTO, LUCRO, VALOR, DESCONTO, PRECO_BRUTO_UNIDADE, DATA_ENVIO, DATA_PEDIDO) VALUES (28, 28, 28, 'Móveis', 'Cadeiras', 'Caixa', 45.00, 220.00, 5.00, 59.00, DATE '2024-06-17', DATE '2024-06-15');
INSERT INTO VENDAS (ID_LINHA_PEDIDO, ID_PEDIDO, ID_CLIENTE, CATEGORIA_PRODUTO, SUBCATEGORIA_PRODUTO, EMBALAGEM_PRODUTO, LUCRO, VALOR, DESCONTO, PRECO_BRUTO_UNIDADE, DATA_ENVIO, DATA_PEDIDO) VALUES (29, 29, 29, 'Games', 'Acessórios', 'Envelope', 20.00, 105.00, 3.00, 26.00, DATE '2024-06-18', DATE '2024-06-16');
INSERT INTO VENDAS (ID_LINHA_PEDIDO, ID_PEDIDO, ID_CLIENTE, CATEGORIA_PRODUTO, SUBCATEGORIA_PRODUTO, EMBALAGEM_PRODUTO, LUCRO, VALOR, DESCONTO, PRECO_BRUTO_UNIDADE, DATA_ENVIO, DATA_PEDIDO) VALUES (30, 30, 30, 'Alimentos', 'Grãos', 'Caixa', 11.10, 59.00, 2.10, 16.00, DATE '2024-06-19', DATE '2024-06-17');
INSERT INTO VENDAS (ID_LINHA_PEDIDO, ID_PEDIDO, ID_CLIENTE, CATEGORIA_PRODUTO, SUBCATEGORIA_PRODUTO, EMBALAGEM_PRODUTO, LUCRO, VALOR, DESCONTO, PRECO_BRUTO_UNIDADE, DATA_ENVIO, DATA_PEDIDO) VALUES (31, 31, 31, 'Roupas', 'Sapatos', 'Caixa', 20.00, 150.00, 4.00, 35.00, DATE '2024-06-20', DATE '2024-06-18');
INSERT INTO VENDAS (ID_LINHA_PEDIDO, ID_PEDIDO, ID_CLIENTE, CATEGORIA_PRODUTO, SUBCATEGORIA_PRODUTO, EMBALAGEM_PRODUTO, LUCRO, VALOR, DESCONTO, PRECO_BRUTO_UNIDADE, DATA_ENVIO, DATA_PEDIDO) VALUES (32, 32, 32, 'Livros', 'HQ', 'Envelope', 15.00, 44.00, 2.00, 14.00, DATE '2024-06-21', DATE '2024-06-19');
INSERT INTO VENDAS (ID_LINHA_PEDIDO, ID_PEDIDO, ID_CLIENTE, CATEGORIA_PRODUTO, SUBCATEGORIA_PRODUTO, EMBALAGEM_PRODUTO, LUCRO, VALOR, DESCONTO, PRECO_BRUTO_UNIDADE, DATA_ENVIO, DATA_PEDIDO) VALUES (33, 33, 33, 'Beleza', 'Perfume', 'Caixa', 12.00, 130.00, 3.50, 33.00, DATE '2024-06-22', DATE '2024-06-20');
INSERT INTO VENDAS (ID_LINHA_PEDIDO, ID_PEDIDO, ID_CLIENTE, CATEGORIA_PRODUTO, SUBCATEGORIA_PRODUTO, EMBALAGEM_PRODUTO, LUCRO, VALOR, DESCONTO, PRECO_BRUTO_UNIDADE, DATA_ENVIO, DATA_PEDIDO) VALUES (34, 34, 34, 'Móveis', 'Mesa', 'Caixa', 55.00, 490.00, 11.00, 110.00, DATE '2024-06-23', DATE '2024-06-21');
INSERT INTO VENDAS (ID_LINHA_PEDIDO, ID_PEDIDO, ID_CLIENTE, CATEGORIA_PRODUTO, SUBCATEGORIA_PRODUTO, EMBALAGEM_PRODUTO, LUCRO, VALOR, DESCONTO, PRECO_BRUTO_UNIDADE, DATA_ENVIO, DATA_PEDIDO) VALUES (35, 35, 35, 'Brinquedos', 'Instrumentos', 'Saco', 3.20, 22.00, 1.10, 6.00, DATE '2024-06-24', DATE '2024-06-22');
INSERT INTO VENDAS (ID_LINHA_PEDIDO, ID_PEDIDO, ID_CLIENTE, CATEGORIA_PRODUTO, SUBCATEGORIA_PRODUTO, EMBALAGEM_PRODUTO, LUCRO, VALOR, DESCONTO, PRECO_BRUTO_UNIDADE, DATA_ENVIO, DATA_PEDIDO) VALUES (36, 36, 36, 'Games', 'Portáteis', 'Caixa', 80.00, 670.00, 8.00, 120.00, DATE '2024-06-25', DATE '2024-06-23');
INSERT INTO VENDAS (ID_LINHA_PEDIDO, ID_PEDIDO, ID_CLIENTE, CATEGORIA_PRODUTO, SUBCATEGORIA_PRODUTO, EMBALAGEM_PRODUTO, LUCRO, VALOR, DESCONTO, PRECO_BRUTO_UNIDADE, DATA_ENVIO, DATA_PEDIDO) VALUES (37, 37, 37, 'Roupas', 'Casacos', 'Saco', 28.00, 350.00, 7.00, 70.00, DATE '2024-06-25', DATE '2024-06-24');
INSERT INTO VENDAS (ID_LINHA_PEDIDO, ID_PEDIDO, ID_CLIENTE, CATEGORIA_PRODUTO, SUBCATEGORIA_PRODUTO, EMBALAGEM_PRODUTO, LUCRO, VALOR, DESCONTO, PRECO_BRUTO_UNIDADE, DATA_ENVIO, DATA_PEDIDO) VALUES (38, 38, 38, 'Livros', 'Acadêmico', 'Envelope', 17.00, 66.00, 2.80, 20.00, DATE '2024-06-26', DATE '2024-06-24');
INSERT INTO VENDAS (ID_LINHA_PEDIDO, ID_PEDIDO, ID_CLIENTE, CATEGORIA_PRODUTO, SUBCATEGORIA_PRODUTO, EMBALAGEM_PRODUTO, LUCRO, VALOR, DESCONTO, PRECO_BRUTO_UNIDADE, DATA_ENVIO, DATA_PEDIDO) VALUES (39, 39, 39, 'Alimentos', 'Aperitivos', 'Caixa', 7.50, 32.00, 1.00, 8.00, DATE '2024-06-27', DATE '2024-06-25');
INSERT INTO VENDAS (ID_LINHA_PEDIDO, ID_PEDIDO, ID_CLIENTE, CATEGORIA_PRODUTO, SUBCATEGORIA_PRODUTO, EMBALAGEM_PRODUTO, LUCRO, VALOR, DESCONTO, PRECO_BRUTO_UNIDADE, DATA_ENVIO, DATA_PEDIDO) VALUES (40, 40, 40, 'Beleza', 'Cabelos', 'Envelope', 9.80, 54.00, 1.70, 16.00, DATE '2024-06-28', DATE '2024-06-26');
INSERT INTO VENDAS (ID_LINHA_PEDIDO, ID_PEDIDO, ID_CLIENTE, CATEGORIA_PRODUTO, SUBCATEGORIA_PRODUTO, EMBALAGEM_PRODUTO, LUCRO, VALOR, DESCONTO, PRECO_BRUTO_UNIDADE, DATA_ENVIO, DATA_PEDIDO) VALUES (41, 41, 41, 'Brinquedos', 'Contar histórias', 'Saco', 2.80, 15.00, 0.90, 4.00, DATE '2024-06-29', DATE '2024-06-27');
INSERT INTO VENDAS (ID_LINHA_PEDIDO, ID_PEDIDO, ID_CLIENTE, CATEGORIA_PRODUTO, SUBCATEGORIA_PRODUTO, EMBALAGEM_PRODUTO, LUCRO, VALOR, DESCONTO, PRECO_BRUTO_UNIDADE, DATA_ENVIO, DATA_PEDIDO) VALUES (42, 42, 42, 'Eletrônicos', 'Notebooks', 'Caixa', 180.00, 1800.00, 22.00, 600.00, DATE '2024-06-30', DATE '2024-06-28');
INSERT INTO VENDAS (ID_LINHA_PEDIDO, ID_PEDIDO, ID_CLIENTE, CATEGORIA_PRODUTO, SUBCATEGORIA_PRODUTO, EMBALAGEM_PRODUTO, LUCRO, VALOR, DESCONTO, PRECO_BRUTO_UNIDADE, DATA_ENVIO, DATA_PEDIDO) VALUES (43, 43, 43, 'Games', 'Jogos', 'Envelope', 14.30, 88.00, 2.60, 27.00, DATE '2024-07-01', DATE '2024-06-29');
INSERT INTO VENDAS (ID_LINHA_PEDIDO, ID_PEDIDO, ID_CLIENTE, CATEGORIA_PRODUTO, SUBCATEGORIA_PRODUTO, EMBALAGEM_PRODUTO, LUCRO, VALOR, DESCONTO, PRECO_BRUTO_UNIDADE, DATA_ENVIO, DATA_PEDIDO) VALUES (44, 44, 44, 'Móveis', 'Prateleira', 'Caixa', 40.00, 200.00, 6.00, 43.00, DATE '2024-07-02', DATE '2024-06-30');
INSERT INTO VENDAS (ID_LINHA_PEDIDO, ID_PEDIDO, ID_CLIENTE, CATEGORIA_PRODUTO, SUBCATEGORIA_PRODUTO, EMBALAGEM_PRODUTO, LUCRO, VALOR, DESCONTO, PRECO_BRUTO_UNIDADE, DATA_ENVIO, DATA_PEDIDO) VALUES (45, 45, 45, 'Roupas', 'Camisetas', 'Saco', 13.00, 95.00, 3.00, 19.00, DATE '2024-07-03', DATE '2024-07-01');
INSERT INTO VENDAS (ID_LINHA_PEDIDO, ID_PEDIDO, ID_CLIENTE, CATEGORIA_PRODUTO, SUBCATEGORIA_PRODUTO, EMBALAGEM_PRODUTO, LUCRO, VALOR, DESCONTO, PRECO_BRUTO_UNIDADE, DATA_ENVIO, DATA_PEDIDO) VALUES (46, 46, 46, 'Eletrônicos', 'Câmeras', 'Caixa', 70.00, 510.00, 11.00, 142.00, DATE '2024-07-04', DATE '2024-07-02');
INSERT INTO VENDAS (ID_LINHA_PEDIDO, ID_PEDIDO, ID_CLIENTE, CATEGORIA_PRODUTO, SUBCATEGORIA_PRODUTO, EMBALAGEM_PRODUTO, LUCRO, VALOR, DESCONTO, PRECO_BRUTO_UNIDADE, DATA_ENVIO, DATA_PEDIDO) VALUES (47, 47, 47, 'Beleza', 'Cuidados', 'Envelope', 11.60, 78.00, 2.50, 20.00, DATE '2024-07-05', DATE '2024-07-03');
INSERT INTO VENDAS (ID_LINHA_PEDIDO, ID_PEDIDO, ID_CLIENTE, CATEGORIA_PRODUTO, SUBCATEGORIA_PRODUTO, EMBALAGEM_PRODUTO, LUCRO, VALOR, DESCONTO, PRECO_BRUTO_UNIDADE, DATA_ENVIO, DATA_PEDIDO) VALUES (48, 48, 48, 'Livros', 'Biografia', 'Envelope', 12.10, 49.00, 1.40, 16.00, DATE '2024-07-06', DATE '2024-07-04');
INSERT INTO VENDAS (ID_LINHA_PEDIDO, ID_PEDIDO, ID_CLIENTE, CATEGORIA_PRODUTO, SUBCATEGORIA_PRODUTO, EMBALAGEM_PRODUTO, LUCRO, VALOR, DESCONTO, PRECO_BRUTO_UNIDADE, DATA_ENVIO, DATA_PEDIDO) VALUES (49, 49, 49, 'Alimentos', 'Lanches', 'Caixa', 8.80, 36.00, 1.20, 10.00, DATE '2024-07-07', DATE '2024-07-05');
INSERT INTO VENDAS (ID_LINHA_PEDIDO, ID_PEDIDO, ID_CLIENTE, CATEGORIA_PRODUTO, SUBCATEGORIA_PRODUTO, EMBALAGEM_PRODUTO, LUCRO, VALOR, DESCONTO, PRECO_BRUTO_UNIDADE, DATA_ENVIO, DATA_PEDIDO) VALUES (50, 50, 50, 'Games', 'VR', 'Caixa', 200.00, 2100.00, 40.00, 700.00, DATE '2024-07-08', DATE '2024-07-06');
INSERT INTO VENDAS (ID_LINHA_PEDIDO, ID_PEDIDO, ID_CLIENTE, CATEGORIA_PRODUTO, SUBCATEGORIA_PRODUTO, EMBALAGEM_PRODUTO, LUCRO, VALOR, DESCONTO, PRECO_BRUTO_UNIDADE, DATA_ENVIO, DATA_PEDIDO) VALUES (51, 51, 51, 'Roupas', 'Saia', 'Saco', 18.00, 110.00, 2.10, 23.00, DATE '2024-07-09', DATE '2024-07-07');
INSERT INTO VENDAS (ID_LINHA_PEDIDO, ID_PEDIDO, ID_CLIENTE, CATEGORIA_PRODUTO, SUBCATEGORIA_PRODUTO, EMBALAGEM_PRODUTO, LUCRO, VALOR, DESCONTO, PRECO_BRUTO_UNIDADE, DATA_ENVIO, DATA_PEDIDO) VALUES (52, 52, 52, 'Brinquedos', 'Carrinho', 'Saco', 4.10, 28.00, 0.90, 7.00, DATE '2024-07-10', DATE '2024-07-08');
INSERT INTO VENDAS (ID_LINHA_PEDIDO, ID_PEDIDO, ID_CLIENTE, CATEGORIA_PRODUTO, SUBCATEGORIA_PRODUTO, EMBALAGEM_PRODUTO, LUCRO, VALOR, DESCONTO, PRECO_BRUTO_UNIDADE, DATA_ENVIO, DATA_PEDIDO) VALUES (53, 53, 53, 'Móveis', 'Armário', 'Caixa', 66.00, 900.00, 17.00, 210.00, DATE '2024-07-11', DATE '2024-07-09');
INSERT INTO VENDAS (ID_LINHA_PEDIDO, ID_PEDIDO, ID_CLIENTE, CATEGORIA_PRODUTO, SUBCATEGORIA_PRODUTO, EMBALAGEM_PRODUTO, LUCRO, VALOR, DESCONTO, PRECO_BRUTO_UNIDADE, DATA_ENVIO, DATA_PEDIDO) VALUES (54, 54, 54, 'Alimentos', 'Massas', 'Caixa', 8.40, 37.00, 1.20, 10.00, DATE '2024-07-12', DATE '2024-07-10');
INSERT INTO VENDAS (ID_LINHA_PEDIDO, ID_PEDIDO, ID_CLIENTE, CATEGORIA_PRODUTO, SUBCATEGORIA_PRODUTO, EMBALAGEM_PRODUTO, LUCRO, VALOR, DESCONTO, PRECO_BRUTO_UNIDADE, DATA_ENVIO, DATA_PEDIDO) VALUES (55, 55, 55, 'Livros', 'Suspense', 'Envelope', 9.00, 45.00, 2.30, 12.00, DATE '2024-07-13', DATE '2024-07-11');
INSERT INTO VENDAS (ID_LINHA_PEDIDO, ID_PEDIDO, ID_CLIENTE, CATEGORIA_PRODUTO, SUBCATEGORIA_PRODUTO, EMBALAGEM_PRODUTO, LUCRO, VALOR, DESCONTO, PRECO_BRUTO_UNIDADE, DATA_ENVIO, DATA_PEDIDO) VALUES (56, 56, 56, 'Beleza', 'Sabonete', 'Envelope', 4.50, 23.00, 0.80, 5.00, DATE '2024-07-14', DATE '2024-07-12');
INSERT INTO VENDAS (ID_LINHA_PEDIDO, ID_PEDIDO, ID_CLIENTE, CATEGORIA_PRODUTO, SUBCATEGORIA_PRODUTO, EMBALAGEM_PRODUTO, LUCRO, VALOR, DESCONTO, PRECO_BRUTO_UNIDADE, DATA_ENVIO, DATA_PEDIDO) VALUES (57, 57, 57, 'Games', 'Portáteis', 'Caixa', 32.00, 400.00, 7.20, 80.00, DATE '2024-07-15', DATE '2024-07-13');
INSERT INTO VENDAS (ID_LINHA_PEDIDO, ID_PEDIDO, ID_CLIENTE, CATEGORIA_PRODUTO, SUBCATEGORIA_PRODUTO, EMBALAGEM_PRODUTO, LUCRO, VALOR, DESCONTO, PRECO_BRUTO_UNIDADE, DATA_ENVIO, DATA_PEDIDO) VALUES (58, 58, 58, 'Roupas', 'Meias', 'Saco', 2.80, 14.00, 0.50, 4.00, DATE '2024-07-16', DATE '2024-07-14');
INSERT INTO VENDAS (ID_LINHA_PEDIDO, ID_PEDIDO, ID_CLIENTE, CATEGORIA_PRODUTO, SUBCATEGORIA_PRODUTO, EMBALAGEM_PRODUTO, LUCRO, VALOR, DESCONTO, PRECO_BRUTO_UNIDADE, DATA_ENVIO, DATA_PEDIDO) VALUES (59, 59, 59, 'Eletrônicos', 'Fones', 'Caixa', 17.00, 100.00, 2.40, 25.00, DATE '2024-07-17', DATE '2024-07-15');
INSERT INTO VENDAS (ID_LINHA_PEDIDO, ID_PEDIDO, ID_CLIENTE, CATEGORIA_PRODUTO, SUBCATEGORIA_PRODUTO, EMBALAGEM_PRODUTO, LUCRO, VALOR, DESCONTO, PRECO_BRUTO_UNIDADE, DATA_ENVIO, DATA_PEDIDO) VALUES (60, 60, 60, 'Brinquedos', 'Kit Arte', 'Saco', 5.30, 24.00, 0.60, 8.00, DATE '2024-07-18', DATE '2024-07-16');
INSERT INTO VENDAS (ID_LINHA_PEDIDO, ID_PEDIDO, ID_CLIENTE, CATEGORIA_PRODUTO, SUBCATEGORIA_PRODUTO, EMBALAGEM_PRODUTO, LUCRO, VALOR, DESCONTO, PRECO_BRUTO_UNIDADE, DATA_ENVIO, DATA_PEDIDO) VALUES (61, 61, 61, 'Móveis', 'Banco', 'Caixa', 20.00, 110.00, 3.20, 25.00, DATE '2024-07-19', DATE '2024-07-17');
INSERT INTO VENDAS (ID_LINHA_PEDIDO, ID_PEDIDO, ID_CLIENTE, CATEGORIA_PRODUTO, SUBCATEGORIA_PRODUTO, EMBALAGEM_PRODUTO, LUCRO, VALOR, DESCONTO, PRECO_BRUTO_UNIDADE, DATA_ENVIO, DATA_PEDIDO) VALUES (62, 62, 62, 'Alimentos', 'Frutas', 'Caixa', 7.40, 27.00, 1.10, 6.00, DATE '2024-07-20', DATE '2024-07-18');
INSERT INTO VENDAS (ID_LINHA_PEDIDO, ID_PEDIDO, ID_CLIENTE, CATEGORIA_PRODUTO, SUBCATEGORIA_PRODUTO, EMBALAGEM_PRODUTO, LUCRO, VALOR, DESCONTO, PRECO_BRUTO_UNIDADE, DATA_ENVIO, DATA_PEDIDO) VALUES (63, 63, 63, 'Livros', 'Autoajuda', 'Envelope', 13.00, 52.00, 1.90, 17.00, DATE '2024-07-21', DATE '2024-07-19');
INSERT INTO VENDAS (ID_LINHA_PEDIDO, ID_PEDIDO, ID_CLIENTE, CATEGORIA_PRODUTO, SUBCATEGORIA_PRODUTO, EMBALAGEM_PRODUTO, LUCRO, VALOR, DESCONTO, PRECO_BRUTO_UNIDADE, DATA_ENVIO, DATA_PEDIDO) VALUES (64, 64, 64, 'Beleza', 'Protetor Solar', 'Envelope', 6.20, 35.00, 1.00, 9.00, DATE '2024-07-22', DATE '2024-07-20');
INSERT INTO VENDAS (ID_LINHA_PEDIDO, ID_PEDIDO, ID_CLIENTE, CATEGORIA_PRODUTO, SUBCATEGORIA_PRODUTO, EMBALAGEM_PRODUTO, LUCRO, VALOR, DESCONTO, PRECO_BRUTO_UNIDADE, DATA_ENVIO, DATA_PEDIDO) VALUES (65, 65, 65, 'Brinquedos', 'Puzzle', 'Saco', 6.80, 18.00, 0.80, 4.00, DATE '2024-07-23', DATE '2024-07-21');
INSERT INTO VENDAS (ID_LINHA_PEDIDO, ID_PEDIDO, ID_CLIENTE, CATEGORIA_PRODUTO, SUBCATEGORIA_PRODUTO, EMBALAGEM_PRODUTO, LUCRO, VALOR, DESCONTO, PRECO_BRUTO_UNIDADE, DATA_ENVIO, DATA_PEDIDO) VALUES (66, 66, 66, 'Games', 'Cartucho', 'Envelope', 21.00, 133.00, 3.50, 31.00, DATE '2024-07-24', DATE '2024-07-22');
INSERT INTO VENDAS (ID_LINHA_PEDIDO, ID_PEDIDO, ID_CLIENTE, CATEGORIA_PRODUTO, SUBCATEGORIA_PRODUTO, EMBALAGEM_PRODUTO, LUCRO, VALOR, DESCONTO, PRECO_BRUTO_UNIDADE, DATA_ENVIO, DATA_PEDIDO) VALUES (67, 67, 67, 'Roupas', 'Terno', 'Caixa', 45.00, 400.00, 8.00, 90.00, DATE '2024-07-25', DATE '2024-07-23');
INSERT INTO VENDAS (ID_LINHA_PEDIDO, ID_PEDIDO, ID_CLIENTE, CATEGORIA_PRODUTO, SUBCATEGORIA_PRODUTO, EMBALAGEM_PRODUTO, LUCRO, VALOR, DESCONTO, PRECO_BRUTO_UNIDADE, DATA_ENVIO, DATA_PEDIDO) VALUES (68, 68, 68, 'Alimentos', 'Molhos', 'Caixa', 7.80, 31.00, 1.10, 7.00, DATE '2024-07-26', DATE '2024-07-24');
INSERT INTO VENDAS (ID_LINHA_PEDIDO, ID_PEDIDO, ID_CLIENTE, CATEGORIA_PRODUTO, SUBCATEGORIA_PRODUTO, EMBALAGEM_PRODUTO, LUCRO, VALOR, DESCONTO, PRECO_BRUTO_UNIDADE, DATA_ENVIO, DATA_PEDIDO) VALUES (69, 69, 69, 'Livros', 'Aventura', 'Envelope', 7.10, 32.00, 1.10, 10.00, DATE '2024-07-27', DATE '2024-07-25');
INSERT INTO VENDAS (ID_LINHA_PEDIDO, ID_PEDIDO, ID_CLIENTE, CATEGORIA_PRODUTO, SUBCATEGORIA_PRODUTO, EMBALAGEM_PRODUTO, LUCRO, VALOR, DESCONTO, PRECO_BRUTO_UNIDADE, DATA_ENVIO, DATA_PEDIDO) VALUES (70, 70, 70, 'Beleza', 'Esmalte', 'Envelope', 2.40, 12.00, 0.30, 3.00, DATE '2024-07-28', DATE '2024-07-26');
INSERT INTO VENDAS (ID_LINHA_PEDIDO, ID_PEDIDO, ID_CLIENTE, CATEGORIA_PRODUTO, SUBCATEGORIA_PRODUTO, EMBALAGEM_PRODUTO, LUCRO, VALOR, DESCONTO, PRECO_BRUTO_UNIDADE, DATA_ENVIO, DATA_PEDIDO) VALUES (71, 71, 71, 'Eletrônicos', 'Acessórios', 'Envelope', 8.70, 53.00, 1.90, 13.00, DATE '2024-07-29', DATE '2024-07-27');
INSERT INTO VENDAS (ID_LINHA_PEDIDO, ID_PEDIDO, ID_CLIENTE, CATEGORIA_PRODUTO, SUBCATEGORIA_PRODUTO, EMBALAGEM_PRODUTO, LUCRO, VALOR, DESCONTO, PRECO_BRUTO_UNIDADE, DATA_ENVIO, DATA_PEDIDO) VALUES (72, 72, 72, 'Brinquedos', 'Cubos', 'Saco', 9.50, 20.00, 0.70, 7.00, DATE '2024-07-30', DATE '2024-07-28');
INSERT INTO VENDAS (ID_LINHA_PEDIDO, ID_PEDIDO, ID_CLIENTE, CATEGORIA_PRODUTO, SUBCATEGORIA_PRODUTO, EMBALAGEM_PRODUTO, LUCRO, VALOR, DESCONTO, PRECO_BRUTO_UNIDADE, DATA_ENVIO, DATA_PEDIDO) VALUES (73, 73, 73, 'Móveis', 'Cama', 'Caixa', 50.00, 600.00, 20.00, 120.00, DATE '2024-07-31', DATE '2024-07-29');
INSERT INTO VENDAS (ID_LINHA_PEDIDO, ID_PEDIDO, ID_CLIENTE, CATEGORIA_PRODUTO, SUBCATEGORIA_PRODUTO, EMBALAGEM_PRODUTO, LUCRO, VALOR, DESCONTO, PRECO_BRUTO_UNIDADE, DATA_ENVIO, DATA_PEDIDO) VALUES (74, 74, 74, 'Roupas', 'Blusa', 'Saco', 6.10, 27.00, 0.80, 7.00, DATE '2024-08-01', DATE '2024-07-30');
INSERT INTO VENDAS (ID_LINHA_PEDIDO, ID_PEDIDO, ID_CLIENTE, CATEGORIA_PRODUTO, SUBCATEGORIA_PRODUTO, EMBALAGEM_PRODUTO, LUCRO, VALOR, DESCONTO, PRECO_BRUTO_UNIDADE, DATA_ENVIO, DATA_PEDIDO) VALUES (75, 75, 75, 'Alimentos', 'Temperos', 'Caixa', 4.10, 17.00, 0.70, 4.00, DATE '2024-08-02', DATE '2024-07-31');
INSERT INTO VENDAS (ID_LINHA_PEDIDO, ID_PEDIDO, ID_CLIENTE, CATEGORIA_PRODUTO, SUBCATEGORIA_PRODUTO, EMBALAGEM_PRODUTO, LUCRO, VALOR, DESCONTO, PRECO_BRUTO_UNIDADE, DATA_ENVIO, DATA_PEDIDO) VALUES (76, 76, 76, 'Livros', 'Drama', 'Envelope', 11.50, 39.00, 2.20, 11.00, DATE '2024-08-03', DATE '2024-08-01');
INSERT INTO VENDAS (ID_LINHA_PEDIDO, ID_PEDIDO, ID_CLIENTE, CATEGORIA_PRODUTO, SUBCATEGORIA_PRODUTO, EMBALAGEM_PRODUTO, LUCRO, VALOR, DESCONTO, PRECO_BRUTO_UNIDADE, DATA_ENVIO, DATA_PEDIDO) VALUES (77, 77, 77, 'Eletrônicos', 'Bateria', 'Caixa', 10.20, 61.00, 1.80, 19.00, DATE '2024-08-04', DATE '2024-08-02');
INSERT INTO VENDAS (ID_LINHA_PEDIDO, ID_PEDIDO, ID_CLIENTE, CATEGORIA_PRODUTO, SUBCATEGORIA_PRODUTO, EMBALAGEM_PRODUTO, LUCRO, VALOR, DESCONTO, PRECO_BRUTO_UNIDADE, DATA_ENVIO, DATA_PEDIDO) VALUES (78, 78, 78, 'Brinquedos', 'Blocos', 'Saco', 8.90, 25.00, 0.90, 6.00, DATE '2024-08-05', DATE '2024-08-03');
INSERT INTO VENDAS (ID_LINHA_PEDIDO, ID_PEDIDO, ID_CLIENTE, CATEGORIA_PRODUTO, SUBCATEGORIA_PRODUTO, EMBALAGEM_PRODUTO, LUCRO, VALOR, DESCONTO, PRECO_BRUTO_UNIDADE, DATA_ENVIO, DATA_PEDIDO) VALUES (79, 79, 79, 'Móveis', 'Poltrona', 'Caixa', 53.00, 230.00, 5.00, 61.00, DATE '2024-08-06', DATE '2024-08-04');
INSERT INTO VENDAS (ID_LINHA_PEDIDO, ID_PEDIDO, ID_CLIENTE, CATEGORIA_PRODUTO, SUBCATEGORIA_PRODUTO, EMBALAGEM_PRODUTO, LUCRO, VALOR, DESCONTO, PRECO_BRUTO_UNIDADE, DATA_ENVIO, DATA_PEDIDO) VALUES (80, 80, 80, 'Games', 'Controle', 'Envelope', 12.90, 70.00, 2.10, 17.00, DATE '2024-08-07', DATE '2024-08-05');
INSERT INTO VENDAS (ID_LINHA_PEDIDO, ID_PEDIDO, ID_CLIENTE, CATEGORIA_PRODUTO, SUBCATEGORIA_PRODUTO, EMBALAGEM_PRODUTO, LUCRO, VALOR, DESCONTO, PRECO_BRUTO_UNIDADE, DATA_ENVIO, DATA_PEDIDO) VALUES (81, 81, 81, 'Roupas', 'Camisa Polo', 'Saco', 13.00, 77.00, 1.70, 17.00, DATE '2024-08-08', DATE '2024-08-06');
INSERT INTO VENDAS (ID_LINHA_PEDIDO, ID_PEDIDO, ID_CLIENTE, CATEGORIA_PRODUTO, SUBCATEGORIA_PRODUTO, EMBALAGEM_PRODUTO, LUCRO, VALOR, DESCONTO, PRECO_BRUTO_UNIDADE, DATA_ENVIO, DATA_PEDIDO) VALUES (82, 82, 82, 'Beleza', 'Hidratante', 'Envelope', 6.60, 34.00, 1.10, 8.00, DATE '2024-08-09', DATE '2024-08-07');
INSERT INTO VENDAS (ID_LINHA_PEDIDO, ID_PEDIDO, ID_CLIENTE, CATEGORIA_PRODUTO, SUBCATEGORIA_PRODUTO, EMBALAGEM_PRODUTO, LUCRO, VALOR, DESCONTO, PRECO_BRUTO_UNIDADE, DATA_ENVIO, DATA_PEDIDO) VALUES (83, 83, 83, 'Alimentos', 'Cereais', 'Caixa', 6.70, 28.00, 0.90, 7.00, DATE '2024-08-10', DATE '2024-08-08');
INSERT INTO VENDAS (ID_LINHA_PEDIDO, ID_PEDIDO, ID_CLIENTE, CATEGORIA_PRODUTO, SUBCATEGORIA_PRODUTO, EMBALAGEM_PRODUTO, LUCRO, VALOR, DESCONTO, PRECO_BRUTO_UNIDADE, DATA_ENVIO, DATA_PEDIDO) VALUES (84, 84, 84, 'Livros', 'Fantasia', 'Envelope', 10.10, 35.00, 1.60, 11.00, DATE '2024-08-11', DATE '2024-08-09');
INSERT INTO VENDAS (ID_LINHA_PEDIDO, ID_PEDIDO, ID_CLIENTE, CATEGORIA_PRODUTO, SUBCATEGORIA_PRODUTO, EMBALAGEM_PRODUTO, LUCRO, VALOR, DESCONTO, PRECO_BRUTO_UNIDADE, DATA_ENVIO, DATA_PEDIDO) VALUES (85, 85, 85, 'Eletrônicos', 'Humidificador', 'Caixa', 31.00, 200.00, 5.00, 35.00, DATE '2024-08-12', DATE '2024-08-10');
INSERT INTO VENDAS (ID_LINHA_PEDIDO, ID_PEDIDO, ID_CLIENTE, CATEGORIA_PRODUTO, SUBCATEGORIA_PRODUTO, EMBALAGEM_PRODUTO, LUCRO, VALOR, DESCONTO, PRECO_BRUTO_UNIDADE, DATA_ENVIO, DATA_PEDIDO) VALUES (86, 86, 86, 'Brinquedos', 'Puzzle 3D', 'Saco', 12.60, 60.00, 1.00, 13.00, DATE '2024-08-13', DATE '2024-08-11');
INSERT INTO VENDAS (ID_LINHA_PEDIDO, ID_PEDIDO, ID_CLIENTE, CATEGORIA_PRODUTO, SUBCATEGORIA_PRODUTO, EMBALAGEM_PRODUTO, LUCRO, VALOR, DESCONTO, PRECO_BRUTO_UNIDADE, DATA_ENVIO, DATA_PEDIDO) VALUES (87, 87, 87, 'Móveis', 'Aparador', 'Caixa', 21.00, 120.00, 2.90, 25.00, DATE '2024-08-14', DATE '2024-08-12');
INSERT INTO VENDAS (ID_LINHA_PEDIDO, ID_PEDIDO, ID_CLIENTE, CATEGORIA_PRODUTO, SUBCATEGORIA_PRODUTO, EMBALAGEM_PRODUTO, LUCRO, VALOR, DESCONTO, PRECO_BRUTO_UNIDADE, DATA_ENVIO, DATA_PEDIDO) VALUES (88, 88, 88, 'Alimentos', 'Vegetariano', 'Caixa', 10.30, 55.00, 1.60, 13.00, DATE '2024-08-15', DATE '2024-08-13');
INSERT INTO VENDAS (ID_LINHA_PEDIDO, ID_PEDIDO, ID_CLIENTE, CATEGORIA_PRODUTO, SUBCATEGORIA_PRODUTO, EMBALAGEM_PRODUTO, LUCRO, VALOR, DESCONTO, PRECO_BRUTO_UNIDADE, DATA_ENVIO, DATA_PEDIDO) VALUES (89, 89, 89, 'Roupas', 'Calça Jeans', 'Saco', 16.00, 98.00, 2.60, 22.00, DATE '2024-08-16', DATE '2024-08-14');
INSERT INTO VENDAS (ID_LINHA_PEDIDO, ID_PEDIDO, ID_CLIENTE, CATEGORIA_PRODUTO, SUBCATEGORIA_PRODUTO, EMBALAGEM_PRODUTO, LUCRO, VALOR, DESCONTO, PRECO_BRUTO_UNIDADE, DATA_ENVIO, DATA_PEDIDO) VALUES (90, 90, 90, 'Beleza', 'Óleo', 'Envelope', 5.70, 20.00, 0.90, 5.00, DATE '2024-08-17', DATE '2024-08-15');
INSERT INTO VENDAS (ID_LINHA_PEDIDO, ID_PEDIDO, ID_CLIENTE, CATEGORIA_PRODUTO, SUBCATEGORIA_PRODUTO, EMBALAGEM_PRODUTO, LUCRO, VALOR, DESCONTO, PRECO_BRUTO_UNIDADE, DATA_ENVIO, DATA_PEDIDO) VALUES (91, 91, 91, 'Livros', 'Religioso', 'Envelope', 9.90, 41.00, 2.20, 10.00, DATE '2024-08-18', DATE '2024-08-16');
INSERT INTO VENDAS (ID_LINHA_PEDIDO, ID_PEDIDO, ID_CLIENTE, CATEGORIA_PRODUTO, SUBCATEGORIA_PRODUTO, EMBALAGEM_PRODUTO, LUCRO, VALOR, DESCONTO, PRECO_BRUTO_UNIDADE, DATA_ENVIO, DATA_PEDIDO) VALUES (92, 92, 92, 'Games', 'Jogo de Tabuleiro', 'Caixa', 20.00, 114.00, 3.40, 25.00, DATE '2024-08-19', DATE '2024-08-17');
INSERT INTO VENDAS (ID_LINHA_PEDIDO, ID_PEDIDO, ID_CLIENTE, CATEGORIA_PRODUTO, SUBCATEGORIA_PRODUTO, EMBALAGEM_PRODUTO, LUCRO, VALOR, DESCONTO, PRECO_BRUTO_UNIDADE, DATA_ENVIO, DATA_PEDIDO) VALUES (93, 93, 93, 'Roupas', 'Casaco', 'Saco', 29.00, 194.00, 6.10, 44.00, DATE '2024-08-20', DATE '2024-08-18');
INSERT INTO VENDAS (ID_LINHA_PEDIDO, ID_PEDIDO, ID_CLIENTE, CATEGORIA_PRODUTO, SUBCATEGORIA_PRODUTO, EMBALAGEM_PRODUTO, LUCRO, VALOR, DESCONTO, PRECO_BRUTO_UNIDADE, DATA_ENVIO, DATA_PEDIDO) VALUES (94, 94, 94, 'Alimentos', 'Doce', 'Caixa', 4.20, 19.00, 0.80, 5.00, DATE '2024-08-21', DATE '2024-08-19');
INSERT INTO VENDAS (ID_LINHA_PEDIDO, ID_PEDIDO, ID_CLIENTE, CATEGORIA_PRODUTO, SUBCATEGORIA_PRODUTO, EMBALAGEM_PRODUTO, LUCRO, VALOR, DESCONTO, PRECO_BRUTO_UNIDADE, DATA_ENVIO, DATA_PEDIDO) VALUES (95, 95, 95, 'Eletrônicos', 'Monitor', 'Caixa', 77.00, 650.00, 13.00, 180.00, DATE '2024-08-22', DATE '2024-08-20');
INSERT INTO VENDAS (ID_LINHA_PEDIDO, ID_PEDIDO, ID_CLIENTE, CATEGORIA_PRODUTO, SUBCATEGORIA_PRODUTO, EMBALAGEM_PRODUTO, LUCRO, VALOR, DESCONTO, PRECO_BRUTO_UNIDADE, DATA_ENVIO, DATA_PEDIDO) VALUES (96, 96, 96, 'Livros', 'História', 'Envelope', 12.80, 53.00, 1.50, 16.00, DATE '2024-08-23', DATE '2024-08-21');
INSERT INTO VENDAS (ID_LINHA_PEDIDO, ID_PEDIDO, ID_CLIENTE, CATEGORIA_PRODUTO, SUBCATEGORIA_PRODUTO, EMBALAGEM_PRODUTO, LUCRO, VALOR, DESCONTO, PRECO_BRUTO_UNIDADE, DATA_ENVIO, DATA_PEDIDO) VALUES (97, 97, 97, 'Beleza', 'Anti-idade', 'Envelope', 24.00, 99.00, 4.00, 22.00, DATE '2024-08-24', DATE '2024-08-22');
INSERT INTO VENDAS (ID_LINHA_PEDIDO, ID_PEDIDO, ID_CLIENTE, CATEGORIA_PRODUTO, SUBCATEGORIA_PRODUTO, EMBALAGEM_PRODUTO, LUCRO, VALOR, DESCONTO, PRECO_BRUTO_UNIDADE, DATA_ENVIO, DATA_PEDIDO) VALUES (98, 98, 98, 'Brinquedos', 'Fantoches', 'Saco', 4.30, 13.00, 0.50, 3.00, DATE '2024-08-25', DATE '2024-08-23');
INSERT INTO VENDAS (ID_LINHA_PEDIDO, ID_PEDIDO, ID_CLIENTE, CATEGORIA_PRODUTO, SUBCATEGORIA_PRODUTO, EMBALAGEM_PRODUTO, LUCRO, VALOR, DESCONTO, PRECO_BRUTO_UNIDADE, DATA_ENVIO, DATA_PEDIDO) VALUES (99, 99, 99, 'Móveis', 'Escrivaninha', 'Caixa', 59.00, 410.00, 10.00, 100.00, DATE '2024-08-26', DATE '2024-08-24');
INSERT INTO VENDAS (ID_LINHA_PEDIDO, ID_PEDIDO, ID_CLIENTE, CATEGORIA_PRODUTO, SUBCATEGORIA_PRODUTO, EMBALAGEM_PRODUTO, LUCRO, VALOR, DESCONTO, PRECO_BRUTO_UNIDADE, DATA_ENVIO, DATA_PEDIDO) VALUES (100, 100, 100, 'Alimentos', 'Padaria', 'Caixa', 5.20, 20.00, 0.90, 4.00, DATE '2024-08-27', DATE '2024-08-25');
